{"data_time": 0.011028840999983913, "eta_seconds": 134.07632686000966, "fast_rcnn/cls_accuracy": 0.322265625, "fast_rcnn/false_negative": 0.16100230414746544, "fast_rcnn/fg_cls_accuracy": 0.8389976958525346, "iteration": 19, "loss_box_reg": 0.5588947236537933, "loss_cls": 0.7798765301704407, "loss_mask": 0.6876873075962067, "loss_rpn_cls": 0.02992909774184227, "loss_rpn_loc": 0.008654562290757895, "lr": 1.60675e-05, "mask_rcnn/accuracy": 0.6368927554410468, "mask_rcnn/false_negative": 0.0, "mask_rcnn/false_positive": 1.0, "roi_head/num_bg_samples": 103.75, "roi_head/num_fg_samples": 24.25, "rpn/num_neg_anchors": 244.0, "rpn/num_pos_anchors": 12.0, "time": 0.4788440245000345, "total_loss": 2.1291882256045938}
{"data_time": 0.010444667500024707, "eta_seconds": 122.96675833000563, "fast_rcnn/cls_accuracy": 0.72265625, "fast_rcnn/false_negative": 0.6197916666666667, "fast_rcnn/fg_cls_accuracy": 0.38020833333333337, "iteration": 39, "loss_box_reg": 0.648267924785614, "loss_cls": 0.6304552257061005, "loss_mask": 0.6027951836585999, "loss_rpn_cls": 0.042297786101698875, "loss_rpn_loc": 0.008432745467871428, "lr": 3.2717500000000007e-05, "mask_rcnn/accuracy": 0.8332566243280529, "mask_rcnn/false_negative": 0.0, "mask_rcnn/false_positive": 0.4395702317245904, "roi_head/num_bg_samples": 104.75, "roi_head/num_fg_samples": 23.25, "rpn/num_neg_anchors": 245.25, "rpn/num_pos_anchors": 10.75, "time": 0.4686461105000035, "total_loss": 1.948645849712193}
{"data_time": 0.009006851500004132, "eta_seconds": 113.5077769200052, "fast_rcnn/cls_accuracy": 0.83203125, "fast_rcnn/false_negative": 0.9807050092764378, "fast_rcnn/fg_cls_accuracy": 0.019294990723562153, "iteration": 59, "loss_box_reg": 0.606482595205307, "loss_cls": 0.46195317804813385, "loss_mask": 0.4707718938589096, "loss_rpn_cls": 0.032739706337451935, "loss_rpn_loc": 0.005443648435175419, "lr": 4.93675e-05, "mask_rcnn/accuracy": 0.8965319650587508, "mask_rcnn/false_negative": 0.0007596056460814605, "mask_rcnn/false_positive": 0.30258141744946077, "roi_head/num_bg_samples": 105.0, "roi_head/num_fg_samples": 23.0, "rpn/num_neg_anchors": 246.75, "rpn/num_pos_anchors": 9.25, "time": 0.47169764449998297, "total_loss": 1.5772405061870813}
{"data_time": 0.009127897499979554, "eta_seconds": 103.62893100999997, "fast_rcnn/cls_accuracy": 0.81640625, "fast_rcnn/false_negative": 1.0, "fast_rcnn/fg_cls_accuracy": 0.0, "iteration": 79, "loss_box_reg": 0.6380701065063477, "loss_cls": 0.3747626692056656, "loss_mask": 0.3765131086111069, "loss_rpn_cls": 0.02159199584275484, "loss_rpn_loc": 0.008885678369551897, "lr": 6.60175e-05, "mask_rcnn/accuracy": 0.9167065263605443, "mask_rcnn/false_negative": 0.001246592107912255, "mask_rcnn/false_positive": 0.2208803587100714, "roi_head/num_bg_samples": 101.5, "roi_head/num_fg_samples": 26.5, "rpn/num_neg_anchors": 245.0, "rpn/num_pos_anchors": 11.0, "time": 0.4677215540000077, "total_loss": 1.48793657933129}
{"data_time": 0.008539296999998669, "eta_seconds": 95.95758680000017, "fast_rcnn/cls_accuracy": 0.85546875, "fast_rcnn/false_negative": 0.8051615445232467, "fast_rcnn/fg_cls_accuracy": 0.19483845547675332, "iteration": 99, "loss_box_reg": 0.5967700183391571, "loss_cls": 0.312710776925087, "loss_mask": 0.2777397781610489, "loss_rpn_cls": 0.022461537271738052, "loss_rpn_loc": 0.011709087993949652, "lr": 8.266750000000001e-05, "mask_rcnn/accuracy": 0.9463935421596712, "mask_rcnn/false_negative": 0.0018934255241754084, "mask_rcnn/false_positive": 0.17199372461698376, "roi_head/num_bg_samples": 104.75, "roi_head/num_fg_samples": 23.25, "rpn/num_neg_anchors": 242.5, "rpn/num_pos_anchors": 13.5, "time": 0.5094462000000135, "total_loss": 1.242968861013651}
{"data_time": 0.010373000500038643, "eta_seconds": 87.38555697000265, "fast_rcnn/cls_accuracy": 0.931640625, "fast_rcnn/false_negative": 0.33647798742138363, "fast_rcnn/fg_cls_accuracy": 0.6635220125786163, "iteration": 119, "loss_box_reg": 0.6648065149784088, "loss_cls": 0.24621732532978058, "loss_mask": 0.22570324689149857, "loss_rpn_cls": 0.013577480800449848, "loss_rpn_loc": 0.006564491428434849, "lr": 9.93175e-05, "mask_rcnn/accuracy": 0.9491888552295918, "mask_rcnn/false_negative": 0.003150640195405871, "mask_rcnn/false_positive": 0.1355289918465993, "roi_head/num_bg_samples": 101.5, "roi_head/num_fg_samples": 26.5, "rpn/num_neg_anchors": 245.5, "rpn/num_pos_anchors": 10.5, "time": 0.5188339614999791, "total_loss": 1.1604003626853228}
{"data_time": 0.010025596000019732, "eta_seconds": 77.58756895999795, "fast_rcnn/cls_accuracy": 0.9453125, "fast_rcnn/false_negative": 0.15, "fast_rcnn/fg_cls_accuracy": 0.8500000000000001, "iteration": 139, "loss_box_reg": 0.6402373611927032, "loss_cls": 0.19950804114341736, "loss_mask": 0.1987687200307846, "loss_rpn_cls": 0.03233667742460966, "loss_rpn_loc": 0.00858197407796979, "lr": 0.0001159675, "mask_rcnn/accuracy": 0.9516050170068027, "mask_rcnn/false_negative": 0.006653368563425981, "mask_rcnn/false_positive": 0.13184513824980856, "roi_head/num_bg_samples": 101.25, "roi_head/num_fg_samples": 26.75, "rpn/num_neg_anchors": 243.5, "rpn/num_pos_anchors": 12.5, "time": 0.48212711000002173, "total_loss": 1.0608724693302065}
{"data_time": 0.010282496999963087, "eta_seconds": 68.12755299000116, "fast_rcnn/cls_accuracy": 0.970703125, "fast_rcnn/false_negative": 0.08596059113300493, "fast_rcnn/fg_cls_accuracy": 0.9140394088669951, "iteration": 159, "loss_box_reg": 0.51142618060112, "loss_cls": 0.1541406661272049, "loss_mask": 0.1490323692560196, "loss_rpn_cls": 0.026888374239206314, "loss_rpn_loc": 0.006906161084771156, "lr": 0.0001326175, "mask_rcnn/accuracy": 0.9666330073696145, "mask_rcnn/false_negative": 0.007243231143677045, "mask_rcnn/false_positive": 0.07327970290307709, "roi_head/num_bg_samples": 102.5, "roi_head/num_fg_samples": 25.5, "rpn/num_neg_anchors": 240.75, "rpn/num_pos_anchors": 15.25, "time": 0.4893797814999914, "total_loss": 0.8631463162600994}
{"data_time": 0.00820571799997083, "eta_seconds": 59.158808339999496, "fast_rcnn/cls_accuracy": 0.97265625, "fast_rcnn/false_negative": 0.028125, "fast_rcnn/fg_cls_accuracy": 0.971875, "iteration": 179, "loss_box_reg": 0.3937002569437027, "loss_cls": 0.12567388266324997, "loss_mask": 0.10893163084983826, "loss_rpn_cls": 0.016491373535245657, "loss_rpn_loc": 0.006470820400863886, "lr": 0.0001492675, "mask_rcnn/accuracy": 0.9733384036844551, "mask_rcnn/false_negative": 0.010357008289886834, "mask_rcnn/false_positive": 0.06390348252541807, "roi_head/num_bg_samples": 103.75, "roi_head/num_fg_samples": 24.25, "rpn/num_neg_anchors": 245.0, "rpn/num_pos_anchors": 11.0, "time": 0.530531478499995, "total_loss": 0.6563772819645237}
{"data_time": 0.009398495500022364, "eta_seconds": 49.550261400000295, "fast_rcnn/cls_accuracy": 0.97265625, "fast_rcnn/false_negative": 0.061553030303030304, "fast_rcnn/fg_cls_accuracy": 0.9384469696969697, "iteration": 199, "loss_box_reg": 0.31697145104408264, "loss_cls": 0.10515208169817924, "loss_mask": 0.09242168441414833, "loss_rpn_cls": 0.01063785282894969, "loss_rpn_loc": 0.0069602979347109795, "lr": 0.0001659175, "mask_rcnn/accuracy": 0.9765874997202828, "mask_rcnn/false_negative": 0.011022017799756853, "mask_rcnn/false_positive": 0.046131948743626874, "roi_head/num_bg_samples": 100.75, "roi_head/num_fg_samples": 27.25, "rpn/num_neg_anchors": 246.25, "rpn/num_pos_anchors": 9.75, "time": 0.5216214339999965, "total_loss": 0.5139116117206868}
{"data_time": 0.007243780000038669, "eta_seconds": 39.706021919998875, "fast_rcnn/cls_accuracy": 0.9765625, "fast_rcnn/false_negative": 0.0484375, "fast_rcnn/fg_cls_accuracy": 0.9515625, "iteration": 219, "loss_box_reg": 0.22177763283252716, "loss_cls": 0.0784483477473259, "loss_mask": 0.10151134058833122, "loss_rpn_cls": 0.020121308974921703, "loss_rpn_loc": 0.00714871846139431, "lr": 0.0001825675, "mask_rcnn/accuracy": 0.9678690690467169, "mask_rcnn/false_negative": 0.01677630940667546, "mask_rcnn/false_positive": 0.05409154017514667, "roi_head/num_bg_samples": 99.75,